{"cameraMode":{"drawMode":0,"name":"Shaded","section":"Shading Mode"},"sceneLighting":true,"audioPlay":false,"sceneViewState":{"m_AlwaysRefresh":false,"showFog":true,"showSkybox":true,"showFlares":true,"showImageEffects":true,"showParticleSystems":true,"showVisualEffectGraphs":true,"m_FxEnabled":true},"in2DMode":false,"pivot":{"x":0.3813900649547577,"y":1.1863232851028443,"z":4.786562442779541},"rotation":{"x":0.1407468020915985,"y":0.1557483971118927,"z":-0.022445300593972207,"w":0.9775416254997253},"size":2.301909923553467,"orthographic":false}